Campaign,Campaign Type,Networks,Budget,Budget type,Bid Strategy Type,Languages,EU political ads,Campaign Status,Location,Location ID,Ad Group,Ad Group Status,Keyword,Criterion Type,Ad type,Final URL,Path 1,Path 2,Headline 1,Headline 2,Headline 3,Headline 4,Headline 5,Headline 6,Headline 7,Headline 8,Headline 9,Headline 10,Headline 11,Headline 12,Headline 13,Headline 14,Headline 15,Description 1,Description 2,Description 3,Description 4
CVFC - Brand,Search,Google search,15,Daily,Maximize conversions,en,Doesn't have EU political ads,Paused,,,,,,,,,,,,,,,,,,,,,,,,,,,,,
CVFC - Brand,,,,,,,,,"San Diego County,California,United States",9057154,,,,,,,,,,,,,,,,,,,,,,,,,,,
CVFC - Brand,,,,,,,,,,,Club Name,Enabled,,,,,,,,,,,,,,,,,,,,,,,,,
CVFC - Brand,,,,,,,,,,,Club Name,,chula vista fc,Exact,,,,,,,,,,,,,,,,,,,,,,,
CVFC - Brand,,,,,,,,,,,Club Name,,chula vista fc,Phrase,,,,,,,,,,,,,,,,,,,,,,,
CVFC - Brand,,,,,,,,,,,Club Name,,chula vista futbol club,Phrase,,,,,,,,,,,,,,,,,,,,,,,
CVFC - Brand,,,,,,,,,,,Club Name,,chula vista fútbol club,Phrase,,,,,,,,,,,,,,,,,,,,,,,
CVFC - Brand,,,,,,,,,,,Club Name,,cvfc soccer,Phrase,,,,,,,,,,,,,,,,,,,,,,,
CVFC - Brand,,,,,,,,,,,Club Name,,chula vista fc soccer,Phrase,,,,,,,,,,,,,,,,,,,,,,,
CVFC - Brand,,,,,,,,,,,Club Name,,,,Responsive search ad,https://www.chulavistafc.com/,,,Official Chula Vista FC Site,Chula Vista FC Programs,Chula Vista FC,A Club for Everyone,The People's Club,Year-Round Player Evaluations,Free Player Evaluations,A Coach Replies in 48 Hours,"Boys and Girls, Ages 4 to U19",South Bay Club Since 1982,Nonprofit Youth Soccer Club,"MLS NEXT, EA, DPL and NPL",Bilingual Coaches and Staff,Request an Evaluation Today,Every Family Is Welcome,Year-round evaluations for boys and girls. Request online and a coach replies in 48 hours.,"A club for everyone, the people's club. Nonprofit and in the South Bay since 1982.","From Mini Maestros to MLS NEXT, Elite Academy, DPL and NPL. One club, one pathway.",New to the area or switching clubs? We evaluate year-round and place every player well.
CVFC - Brand,,,,,,,,,,,Club Name,,,,Responsive search ad,https://www.chulavistafc.com/,,,Chula Vista FC,A Club for Everyone,The People's Club,Year-Round Player Evaluations,Free Player Evaluations,A Coach Replies in 48 Hours,Official Chula Vista FC Site,Chula Vista FC Programs,"Boys and Girls, Ages 4 to U19",South Bay Club Since 1982,Nonprofit Youth Soccer Club,"MLS NEXT, EA, DPL and NPL",Bilingual Coaches and Staff,Request an Evaluation Today,Every Family Is Welcome,"From Mini Maestros to MLS NEXT, Elite Academy, DPL and NPL. One club, one pathway.",New to the area or switching clubs? We evaluate year-round and place every player well.,Year-round evaluations for boys and girls. Request online and a coach replies in 48 hours.,"A club for everyone, the people's club. Nonprofit and in the South Bay since 1982."
CVFC - Brand,,,,,,,,,,,Club Programs,Enabled,,,,,,,,,,,,,,,,,,,,,,,,,
CVFC - Brand,,,,,,,,,,,Club Programs,,chula vista fc mls next,Phrase,,,,,,,,,,,,,,,,,,,,,,,
CVFC - Brand,,,,,,,,,,,Club Programs,,chula vista fc academy,Phrase,,,,,,,,,,,,,,,,,,,,,,,
CVFC - Brand,,,,,,,,,,,Club Programs,,chula vista fc tryouts,Phrase,,,,,,,,,,,,,,,,,,,,,,,
CVFC - Brand,,,,,,,,,,,Club Programs,,chula vista fc evaluations,Phrase,,,,,,,,,,,,,,,,,,,,,,,
CVFC - Brand,,,,,,,,,,,Club Programs,,chula vista fc girls,Phrase,,,,,,,,,,,,,,,,,,,,,,,
CVFC - Brand,,,,,,,,,,,Club Programs,,chula vista fc registration,Phrase,,,,,,,,,,,,,,,,,,,,,,,
CVFC - Brand,,,,,,,,,,,Club Programs,,,,Responsive search ad,https://www.chulavistafc.com/evaluations,Evaluations,,Chula Vista FC Evaluations,Chula Vista FC Programs,Chula Vista FC,A Club for Everyone,The People's Club,Year-Round Player Evaluations,Free Player Evaluations,A Coach Replies in 48 Hours,"Boys and Girls, Ages 4 to U19",South Bay Club Since 1982,Nonprofit Youth Soccer Club,"MLS NEXT, EA, DPL and NPL",Bilingual Coaches and Staff,Request an Evaluation Today,Every Family Is Welcome,Year-round evaluations for boys and girls. Request online and a coach replies in 48 hours.,"A club for everyone, the people's club. Nonprofit and in the South Bay since 1982.","From Mini Maestros to MLS NEXT, Elite Academy, DPL and NPL. One club, one pathway.",New to the area or switching clubs? We evaluate year-round and place every player well.
CVFC - Brand,,,,,,,,,,,Club Programs,,,,Responsive search ad,https://www.chulavistafc.com/evaluations,Evaluations,,Chula Vista FC,A Club for Everyone,The People's Club,Year-Round Player Evaluations,Free Player Evaluations,A Coach Replies in 48 Hours,Chula Vista FC Evaluations,Chula Vista FC Programs,"Boys and Girls, Ages 4 to U19",South Bay Club Since 1982,Nonprofit Youth Soccer Club,"MLS NEXT, EA, DPL and NPL",Bilingual Coaches and Staff,Request an Evaluation Today,Every Family Is Welcome,"From Mini Maestros to MLS NEXT, Elite Academy, DPL and NPL. One club, one pathway.",New to the area or switching clubs? We evaluate year-round and place every player well.,Year-round evaluations for boys and girls. Request online and a coach replies in 48 hours.,"A club for everyone, the people's club. Nonprofit and in the South Bay since 1982."
CVFC - Player Evaluations,Search,Google search,155,Daily,Maximize conversions,en,Doesn't have EU political ads,Paused,,,,,,,,,,,,,,,,,,,,,,,,,,,,,
CVFC - Player Evaluations,,,,,,,,,"San Diego County,California,United States",9057154,,,,,,,,,,,,,,,,,,,,,,,,,,,
CVFC - Player Evaluations,,,,,,,,,,,,,adult,Negative Phrase,,,,,,,,,,,,,,,,,,,,,,,
CVFC - Player Evaluations,,,,,,,,,,,,,adults,Negative Phrase,,,,,,,,,,,,,,,,,,,,,,,
CVFC - Player Evaluations,,,,,,,,,,,,,men's league,Negative Phrase,,,,,,,,,,,,,,,,,,,,,,,
CVFC - Player Evaluations,,,,,,,,,,,,,mens league,Negative Phrase,,,,,,,,,,,,,,,,,,,,,,,
CVFC - Player Evaluations,,,,,,,,,,,,,coed,Negative Phrase,,,,,,,,,,,,,,,,,,,,,,,
CVFC - Player Evaluations,,,,,,,,,,,,,over 30,Negative Phrase,,,,,,,,,,,,,,,,,,,,,,,
CVFC - Player Evaluations,,,,,,,,,,,,,fifa,Negative Phrase,,,,,,,,,,,,,,,,,,,,,,,
CVFC - Player Evaluations,,,,,,,,,,,,,video game,Negative Phrase,,,,,,,,,,,,,,,,,,,,,,,
CVFC - Player Evaluations,,,,,,,,,,,,,cleats,Negative Phrase,,,,,,,,,,,,,,,,,,,,,,,
CVFC - Player Evaluations,,,,,,,,,,,,,shoes,Negative Phrase,,,,,,,,,,,,,,,,,,,,,,,
CVFC - Player Evaluations,,,,,,,,,,,,,jersey,Negative Phrase,,,,,,,,,,,,,,,,,,,,,,,
CVFC - Player Evaluations,,,,,,,,,,,,,store,Negative Phrase,,,,,,,,,,,,,,,,,,,,,,,
CVFC - Player Evaluations,,,,,,,,,,,,,tickets,Negative Phrase,,,,,,,,,,,,,,,,,,,,,,,
CVFC - Player Evaluations,,,,,,,,,,,,,live stream,Negative Phrase,,,,,,,,,,,,,,,,,,,,,,,
CVFC - Player Evaluations,,,,,,,,,,,,,score,Negative Phrase,,,,,,,,,,,,,,,,,,,,,,,
CVFC - Player Evaluations,,,,,,,,,,,,,world cup,Negative Phrase,,,,,,,,,,,,,,,,,,,,,,,
CVFC - Player Evaluations,,,,,,,,,,,,,high school,Negative Phrase,,,,,,,,,,,,,,,,,,,,,,,
CVFC - Player Evaluations,,,,,,,,,,,,,college,Negative Phrase,,,,,,,,,,,,,,,,,,,,,,,
CVFC - Player Evaluations,,,,,,,,,,,,,salary,Negative Phrase,,,,,,,,,,,,,,,,,,,,,,,
CVFC - Player Evaluations,,,,,,,,,,,,,indeed,Negative Phrase,,,,,,,,,,,,,,,,,,,,,,,
CVFC - Player Evaluations,,,,,,,,,,,Youth Soccer Club,Enabled,,,,,,,,,,,,,,,,,,,,,,,,,
CVFC - Player Evaluations,,,,,,,,,,,Youth Soccer Club,,youth soccer club san diego,Phrase,,,,,,,,,,,,,,,,,,,,,,,
CVFC - Player Evaluations,,,,,,,,,,,Youth Soccer Club,,youth soccer clubs near me,Phrase,,,,,,,,,,,,,,,,,,,,,,,
CVFC - Player Evaluations,,,,,,,,,,,Youth Soccer Club,,competitive soccer club san diego,Phrase,,,,,,,,,,,,,,,,,,,,,,,
CVFC - Player Evaluations,,,,,,,,,,,Youth Soccer Club,,club soccer san diego,Phrase,,,,,,,,,,,,,,,,,,,,,,,
CVFC - Player Evaluations,,,,,,,,,,,Youth Soccer Club,,youth soccer teams near me,Phrase,,,,,,,,,,,,,,,,,,,,,,,
CVFC - Player Evaluations,,,,,,,,,,,Youth Soccer Club,,soccer club for kids,Phrase,,,,,,,,,,,,,,,,,,,,,,,
CVFC - Player Evaluations,,,,,,,,,,,Youth Soccer Club,,travel soccer san diego,Phrase,,,,,,,,,,,,,,,,,,,,,,,
CVFC - Player Evaluations,,,,,,,,,,,Youth Soccer Club,,join a youth soccer team,Phrase,,,,,,,,,,,,,,,,,,,,,,,
CVFC - Player Evaluations,,,,,,,,,,,Youth Soccer Club,,,,Responsive search ad,https://www.chulavistafc.com/evaluations,Evaluations,Youth-Soccer,"Youth Soccer Club, South Bay",Join a Youth Soccer Club,Chula Vista FC,A Club for Everyone,The People's Club,Year-Round Player Evaluations,Free Player Evaluations,A Coach Replies in 48 Hours,"Boys and Girls, Ages 4 to U19",South Bay Club Since 1982,Nonprofit Youth Soccer Club,"MLS NEXT, EA, DPL and NPL",Bilingual Coaches and Staff,Request an Evaluation Today,Every Family Is Welcome,Year-round evaluations for boys and girls. Request online and a coach replies in 48 hours.,"A club for everyone, the people's club. Nonprofit and in the South Bay since 1982.","From Mini Maestros to MLS NEXT, Elite Academy, DPL and NPL. One club, one pathway.",New to the area or switching clubs? We evaluate year-round and place every player well.
CVFC - Player Evaluations,,,,,,,,,,,Youth Soccer Club,,,,Responsive search ad,https://www.chulavistafc.com/evaluations,Evaluations,Youth-Soccer,Chula Vista FC,A Club for Everyone,The People's Club,Year-Round Player Evaluations,Free Player Evaluations,A Coach Replies in 48 Hours,"Youth Soccer Club, South Bay",Join a Youth Soccer Club,"Boys and Girls, Ages 4 to U19",South Bay Club Since 1982,Nonprofit Youth Soccer Club,"MLS NEXT, EA, DPL and NPL",Bilingual Coaches and Staff,Request an Evaluation Today,Every Family Is Welcome,"From Mini Maestros to MLS NEXT, Elite Academy, DPL and NPL. One club, one pathway.",New to the area or switching clubs? We evaluate year-round and place every player well.,Year-round evaluations for boys and girls. Request online and a coach replies in 48 hours.,"A club for everyone, the people's club. Nonprofit and in the South Bay since 1982."
CVFC - Player Evaluations,,,,,,,,,,,Tryouts Searches,Enabled,,,,,,,,,,,,,,,,,,,,,,,,,
CVFC - Player Evaluations,,,,,,,,,,,Tryouts Searches,,soccer tryouts san diego,Phrase,,,,,,,,,,,,,,,,,,,,,,,
CVFC - Player Evaluations,,,,,,,,,,,Tryouts Searches,,youth soccer tryouts,Phrase,,,,,,,,,,,,,,,,,,,,,,,
CVFC - Player Evaluations,,,,,,,,,,,Tryouts Searches,,soccer tryouts near me,Phrase,,,,,,,,,,,,,,,,,,,,,,,
CVFC - Player Evaluations,,,,,,,,,,,Tryouts Searches,,club soccer tryouts,Phrase,,,,,,,,,,,,,,,,,,,,,,,
CVFC - Player Evaluations,,,,,,,,,,,Tryouts Searches,,girls soccer tryouts,Phrase,,,,,,,,,,,,,,,,,,,,,,,
CVFC - Player Evaluations,,,,,,,,,,,Tryouts Searches,,boys soccer tryouts,Phrase,,,,,,,,,,,,,,,,,,,,,,,
CVFC - Player Evaluations,,,,,,,,,,,Tryouts Searches,,missed soccer tryouts,Phrase,,,,,,,,,,,,,,,,,,,,,,,
CVFC - Player Evaluations,,,,,,,,,,,Tryouts Searches,,,,Responsive search ad,https://www.chulavistafc.com/evaluations,Evaluations,Year-Round,"Join Mid-Season, Any Time",New to the Area? Get Evaluated,Chula Vista FC,A Club for Everyone,The People's Club,Year-Round Player Evaluations,Free Player Evaluations,A Coach Replies in 48 Hours,"Boys and Girls, Ages 4 to U19",South Bay Club Since 1982,Nonprofit Youth Soccer Club,"MLS NEXT, EA, DPL and NPL",Bilingual Coaches and Staff,Request an Evaluation Today,Every Family Is Welcome,Year-round evaluations for boys and girls. Request online and a coach replies in 48 hours.,"A club for everyone, the people's club. Nonprofit and in the South Bay since 1982.","From Mini Maestros to MLS NEXT, Elite Academy, DPL and NPL. One club, one pathway.",New to the area or switching clubs? We evaluate year-round and place every player well.
CVFC - Player Evaluations,,,,,,,,,,,Tryouts Searches,,,,Responsive search ad,https://www.chulavistafc.com/evaluations,Evaluations,Year-Round,Chula Vista FC,A Club for Everyone,The People's Club,Year-Round Player Evaluations,Free Player Evaluations,A Coach Replies in 48 Hours,"Join Mid-Season, Any Time",New to the Area? Get Evaluated,"Boys and Girls, Ages 4 to U19",South Bay Club Since 1982,Nonprofit Youth Soccer Club,"MLS NEXT, EA, DPL and NPL",Bilingual Coaches and Staff,Request an Evaluation Today,Every Family Is Welcome,"From Mini Maestros to MLS NEXT, Elite Academy, DPL and NPL. One club, one pathway.",New to the area or switching clubs? We evaluate year-round and place every player well.,Year-round evaluations for boys and girls. Request online and a coach replies in 48 hours.,"A club for everyone, the people's club. Nonprofit and in the South Bay since 1982."
CVFC - Player Evaluations,,,,,,,,,,,Boys Competitive,Enabled,,,,,,,,,,,,,,,,,,,,,,,,,
CVFC - Player Evaluations,,,,,,,,,,,Boys Competitive,,mls next san diego,Phrase,,,,,,,,,,,,,,,,,,,,,,,
CVFC - Player Evaluations,,,,,,,,,,,Boys Competitive,,mls next clubs,Phrase,,,,,,,,,,,,,,,,,,,,,,,
CVFC - Player Evaluations,,,,,,,,,,,Boys Competitive,,elite academy soccer,Phrase,,,,,,,,,,,,,,,,,,,,,,,
CVFC - Player Evaluations,,,,,,,,,,,Boys Competitive,,boys club soccer san diego,Phrase,,,,,,,,,,,,,,,,,,,,,,,
CVFC - Player Evaluations,,,,,,,,,,,Boys Competitive,,boys competitive soccer,Phrase,,,,,,,,,,,,,,,,,,,,,,,
CVFC - Player Evaluations,,,,,,,,,,,Boys Competitive,,mls next academy,Phrase,,,,,,,,,,,,,,,,,,,,,,,
CVFC - Player Evaluations,,,,,,,,,,,Boys Competitive,,,,Responsive search ad,https://www.chulavistafc.com/programs/boys-competitive-pathway,Boys,MLS-NEXT,"MLS NEXT Pathway, San Diego",Elite Academy and MLS NEXT,Boys Competitive Soccer,Chula Vista FC,A Club for Everyone,The People's Club,Year-Round Player Evaluations,Free Player Evaluations,A Coach Replies in 48 Hours,"Boys and Girls, Ages 4 to U19",South Bay Club Since 1982,Nonprofit Youth Soccer Club,"MLS NEXT, EA, DPL and NPL",Bilingual Coaches and Staff,Request an Evaluation Today,Year-round evaluations for boys and girls. Request online and a coach replies in 48 hours.,"A club for everyone, the people's club. Nonprofit and in the South Bay since 1982.","From Mini Maestros to MLS NEXT, Elite Academy, DPL and NPL. One club, one pathway.",New to the area or switching clubs? We evaluate year-round and place every player well.
CVFC - Player Evaluations,,,,,,,,,,,Boys Competitive,,,,Responsive search ad,https://www.chulavistafc.com/programs/boys-competitive-pathway,Boys,MLS-NEXT,Chula Vista FC,A Club for Everyone,The People's Club,Year-Round Player Evaluations,Free Player Evaluations,A Coach Replies in 48 Hours,"MLS NEXT Pathway, San Diego",Elite Academy and MLS NEXT,Boys Competitive Soccer,"Boys and Girls, Ages 4 to U19",South Bay Club Since 1982,Nonprofit Youth Soccer Club,"MLS NEXT, EA, DPL and NPL",Bilingual Coaches and Staff,Request an Evaluation Today,"From Mini Maestros to MLS NEXT, Elite Academy, DPL and NPL. One club, one pathway.",New to the area or switching clubs? We evaluate year-round and place every player well.,Year-round evaluations for boys and girls. Request online and a coach replies in 48 hours.,"A club for everyone, the people's club. Nonprofit and in the South Bay since 1982."
CVFC - Player Evaluations,,,,,,,,,,,Girls Competitive,Enabled,,,,,,,,,,,,,,,,,,,,,,,,,
CVFC - Player Evaluations,,,,,,,,,,,Girls Competitive,,girls club soccer san diego,Phrase,,,,,,,,,,,,,,,,,,,,,,,
CVFC - Player Evaluations,,,,,,,,,,,Girls Competitive,,girls competitive soccer,Phrase,,,,,,,,,,,,,,,,,,,,,,,
CVFC - Player Evaluations,,,,,,,,,,,Girls Competitive,,dpl soccer,Phrase,,,,,,,,,,,,,,,,,,,,,,,
CVFC - Player Evaluations,,,,,,,,,,,Girls Competitive,,npl girls soccer,Phrase,,,,,,,,,,,,,,,,,,,,,,,
CVFC - Player Evaluations,,,,,,,,,,,Girls Competitive,,girls soccer team near me,Phrase,,,,,,,,,,,,,,,,,,,,,,,
CVFC - Player Evaluations,,,,,,,,,,,Girls Competitive,,girls soccer club,Phrase,,,,,,,,,,,,,,,,,,,,,,,
CVFC - Player Evaluations,,,,,,,,,,,Girls Competitive,,,,Responsive search ad,https://www.chulavistafc.com/programs/girls-competitive-pathway,Girls,DPL-NPL,Girls DPL and NPL Soccer,Girls Competitive Pathway,"Girls Club Soccer, South Bay",Chula Vista FC,A Club for Everyone,The People's Club,Year-Round Player Evaluations,Free Player Evaluations,A Coach Replies in 48 Hours,"Boys and Girls, Ages 4 to U19",South Bay Club Since 1982,Nonprofit Youth Soccer Club,"MLS NEXT, EA, DPL and NPL",Bilingual Coaches and Staff,Request an Evaluation Today,Year-round evaluations for boys and girls. Request online and a coach replies in 48 hours.,"A club for everyone, the people's club. Nonprofit and in the South Bay since 1982.","From Mini Maestros to MLS NEXT, Elite Academy, DPL and NPL. One club, one pathway.",New to the area or switching clubs? We evaluate year-round and place every player well.
CVFC - Player Evaluations,,,,,,,,,,,Girls Competitive,,,,Responsive search ad,https://www.chulavistafc.com/programs/girls-competitive-pathway,Girls,DPL-NPL,Chula Vista FC,A Club for Everyone,The People's Club,Year-Round Player Evaluations,Free Player Evaluations,A Coach Replies in 48 Hours,Girls DPL and NPL Soccer,Girls Competitive Pathway,"Girls Club Soccer, South Bay","Boys and Girls, Ages 4 to U19",South Bay Club Since 1982,Nonprofit Youth Soccer Club,"MLS NEXT, EA, DPL and NPL",Bilingual Coaches and Staff,Request an Evaluation Today,"From Mini Maestros to MLS NEXT, Elite Academy, DPL and NPL. One club, one pathway.",New to the area or switching clubs? We evaluate year-round and place every player well.,Year-round evaluations for boys and girls. Request online and a coach replies in 48 hours.,"A club for everyone, the people's club. Nonprofit and in the South Bay since 1982."
CVFC - Player Evaluations,,,,,,,,,,,Young Players,Enabled,,,,,,,,,,,,,,,,,,,,,,,,,
CVFC - Player Evaluations,,,,,,,,,,,Young Players,,soccer for kids near me,Phrase,,,,,,,,,,,,,,,,,,,,,,,
CVFC - Player Evaluations,,,,,,,,,,,Young Players,,soccer for 4 year olds,Phrase,,,,,,,,,,,,,,,,,,,,,,,
CVFC - Player Evaluations,,,,,,,,,,,Young Players,,soccer for 5 year olds,Phrase,,,,,,,,,,,,,,,,,,,,,,,
CVFC - Player Evaluations,,,,,,,,,,,Young Players,,kids soccer program,Phrase,,,,,,,,,,,,,,,,,,,,,,,
CVFC - Player Evaluations,,,,,,,,,,,Young Players,,youth soccer for beginners,Phrase,,,,,,,,,,,,,,,,,,,,,,,
CVFC - Player Evaluations,,,,,,,,,,,Young Players,,soccer classes for kids,Phrase,,,,,,,,,,,,,,,,,,,,,,,
CVFC - Player Evaluations,,,,,,,,,,,Young Players,,,,Responsive search ad,https://www.chulavistafc.com/programs/foundations,Foundations,Ages-4-9,Soccer for Kids Ages 4 to 9,Mini Maestros Program,A First Team for Young Players,Chula Vista FC,A Club for Everyone,The People's Club,Year-Round Player Evaluations,Free Player Evaluations,A Coach Replies in 48 Hours,"Boys and Girls, Ages 4 to U19",South Bay Club Since 1982,Nonprofit Youth Soccer Club,"MLS NEXT, EA, DPL and NPL",Bilingual Coaches and Staff,Request an Evaluation Today,Year-round evaluations for boys and girls. Request online and a coach replies in 48 hours.,"A club for everyone, the people's club. Nonprofit and in the South Bay since 1982.","From Mini Maestros to MLS NEXT, Elite Academy, DPL and NPL. One club, one pathway.",New to the area or switching clubs? We evaluate year-round and place every player well.
CVFC - Player Evaluations,,,,,,,,,,,Young Players,,,,Responsive search ad,https://www.chulavistafc.com/programs/foundations,Foundations,Ages-4-9,Chula Vista FC,A Club for Everyone,The People's Club,Year-Round Player Evaluations,Free Player Evaluations,A Coach Replies in 48 Hours,Soccer for Kids Ages 4 to 9,Mini Maestros Program,A First Team for Young Players,"Boys and Girls, Ages 4 to U19",South Bay Club Since 1982,Nonprofit Youth Soccer Club,"MLS NEXT, EA, DPL and NPL",Bilingual Coaches and Staff,Request an Evaluation Today,"From Mini Maestros to MLS NEXT, Elite Academy, DPL and NPL. One club, one pathway.",New to the area or switching clubs? We evaluate year-round and place every player well.,Year-round evaluations for boys and girls. Request online and a coach replies in 48 hours.,"A club for everyone, the people's club. Nonprofit and in the South Bay since 1982."
CVFC - Player Evaluations,,,,,,,,,,,Goalkeepers,Enabled,,,,,,,,,,,,,,,,,,,,,,,,,
CVFC - Player Evaluations,,,,,,,,,,,Goalkeepers,,goalkeeper training san diego,Phrase,,,,,,,,,,,,,,,,,,,,,,,
CVFC - Player Evaluations,,,,,,,,,,,Goalkeepers,,youth goalkeeper training,Phrase,,,,,,,,,,,,,,,,,,,,,,,
CVFC - Player Evaluations,,,,,,,,,,,Goalkeepers,,goalie training for kids,Phrase,,,,,,,,,,,,,,,,,,,,,,,
CVFC - Player Evaluations,,,,,,,,,,,Goalkeepers,,soccer goalkeeper training,Phrase,,,,,,,,,,,,,,,,,,,,,,,
CVFC - Player Evaluations,,,,,,,,,,,Goalkeepers,,goalkeeper academy,Phrase,,,,,,,,,,,,,,,,,,,,,,,
CVFC - Player Evaluations,,,,,,,,,,,Goalkeepers,,,,Responsive search ad,https://www.chulavistafc.com/programs/goalkeeper-pathway,Goalkeepers,,"Goalkeeper Training, All Ages",Dedicated Goalkeeper Pathway,Year-Round GK Sessions,Chula Vista FC,A Club for Everyone,The People's Club,Year-Round Player Evaluations,Free Player Evaluations,A Coach Replies in 48 Hours,"Boys and Girls, Ages 4 to U19",South Bay Club Since 1982,Nonprofit Youth Soccer Club,"MLS NEXT, EA, DPL and NPL",Bilingual Coaches and Staff,Request an Evaluation Today,Year-round evaluations for boys and girls. Request online and a coach replies in 48 hours.,"A club for everyone, the people's club. Nonprofit and in the South Bay since 1982.","From Mini Maestros to MLS NEXT, Elite Academy, DPL and NPL. One club, one pathway.",New to the area or switching clubs? We evaluate year-round and place every player well.
CVFC - Player Evaluations,,,,,,,,,,,Goalkeepers,,,,Responsive search ad,https://www.chulavistafc.com/programs/goalkeeper-pathway,Goalkeepers,,Chula Vista FC,A Club for Everyone,The People's Club,Year-Round Player Evaluations,Free Player Evaluations,A Coach Replies in 48 Hours,"Goalkeeper Training, All Ages",Dedicated Goalkeeper Pathway,Year-Round GK Sessions,"Boys and Girls, Ages 4 to U19",South Bay Club Since 1982,Nonprofit Youth Soccer Club,"MLS NEXT, EA, DPL and NPL",Bilingual Coaches and Staff,Request an Evaluation Today,"From Mini Maestros to MLS NEXT, Elite Academy, DPL and NPL. One club, one pathway.",New to the area or switching clubs? We evaluate year-round and place every player well.,Year-round evaluations for boys and girls. Request online and a coach replies in 48 hours.,"A club for everyone, the people's club. Nonprofit and in the South Bay since 1982."
CVFC - Neighborhoods,Search,Google search,80,Daily,Maximize conversions,en,Doesn't have EU political ads,Paused,,,,,,,,,,,,,,,,,,,,,,,,,,,,,
CVFC - Neighborhoods,,,,,,,,,"San Diego County,California,United States",9057154,,,,,,,,,,,,,,,,,,,,,,,,,,,
CVFC - Neighborhoods,,,,,,,,,,,,,adult,Negative Phrase,,,,,,,,,,,,,,,,,,,,,,,
CVFC - Neighborhoods,,,,,,,,,,,,,adults,Negative Phrase,,,,,,,,,,,,,,,,,,,,,,,
CVFC - Neighborhoods,,,,,,,,,,,,,men's league,Negative Phrase,,,,,,,,,,,,,,,,,,,,,,,
CVFC - Neighborhoods,,,,,,,,,,,,,mens league,Negative Phrase,,,,,,,,,,,,,,,,,,,,,,,
CVFC - Neighborhoods,,,,,,,,,,,,,coed,Negative Phrase,,,,,,,,,,,,,,,,,,,,,,,
CVFC - Neighborhoods,,,,,,,,,,,,,over 30,Negative Phrase,,,,,,,,,,,,,,,,,,,,,,,
CVFC - Neighborhoods,,,,,,,,,,,,,fifa,Negative Phrase,,,,,,,,,,,,,,,,,,,,,,,
CVFC - Neighborhoods,,,,,,,,,,,,,video game,Negative Phrase,,,,,,,,,,,,,,,,,,,,,,,
CVFC - Neighborhoods,,,,,,,,,,,,,cleats,Negative Phrase,,,,,,,,,,,,,,,,,,,,,,,
CVFC - Neighborhoods,,,,,,,,,,,,,shoes,Negative Phrase,,,,,,,,,,,,,,,,,,,,,,,
CVFC - Neighborhoods,,,,,,,,,,,,,jersey,Negative Phrase,,,,,,,,,,,,,,,,,,,,,,,
CVFC - Neighborhoods,,,,,,,,,,,,,store,Negative Phrase,,,,,,,,,,,,,,,,,,,,,,,
CVFC - Neighborhoods,,,,,,,,,,,,,tickets,Negative Phrase,,,,,,,,,,,,,,,,,,,,,,,
CVFC - Neighborhoods,,,,,,,,,,,,,live stream,Negative Phrase,,,,,,,,,,,,,,,,,,,,,,,
CVFC - Neighborhoods,,,,,,,,,,,,,score,Negative Phrase,,,,,,,,,,,,,,,,,,,,,,,
CVFC - Neighborhoods,,,,,,,,,,,,,world cup,Negative Phrase,,,,,,,,,,,,,,,,,,,,,,,
CVFC - Neighborhoods,,,,,,,,,,,,,high school,Negative Phrase,,,,,,,,,,,,,,,,,,,,,,,
CVFC - Neighborhoods,,,,,,,,,,,,,college,Negative Phrase,,,,,,,,,,,,,,,,,,,,,,,
CVFC - Neighborhoods,,,,,,,,,,,,,salary,Negative Phrase,,,,,,,,,,,,,,,,,,,,,,,
CVFC - Neighborhoods,,,,,,,,,,,,,indeed,Negative Phrase,,,,,,,,,,,,,,,,,,,,,,,
CVFC - Neighborhoods,,,,,,,,,,,Chula Vista,Enabled,,,,,,,,,,,,,,,,,,,,,,,,,
CVFC - Neighborhoods,,,,,,,,,,,Chula Vista,,youth soccer chula vista,Phrase,,,,,,,,,,,,,,,,,,,,,,,
CVFC - Neighborhoods,,,,,,,,,,,Chula Vista,,kids soccer chula vista,Phrase,,,,,,,,,,,,,,,,,,,,,,,
CVFC - Neighborhoods,,,,,,,,,,,Chula Vista,,soccer club chula vista,Phrase,,,,,,,,,,,,,,,,,,,,,,,
CVFC - Neighborhoods,,,,,,,,,,,Chula Vista,,chula vista soccer teams,Phrase,,,,,,,,,,,,,,,,,,,,,,,
CVFC - Neighborhoods,,,,,,,,,,,Chula Vista,,,,Responsive search ad,https://www.chulavistafc.com/areas/chula-vista,Areas,chula-vista,Youth Soccer in Chula Vista,Soccer Near Chula Vista,Chula Vista FC,A Club for Everyone,The People's Club,Year-Round Player Evaluations,Free Player Evaluations,A Coach Replies in 48 Hours,"Boys and Girls, Ages 4 to U19",South Bay Club Since 1982,Nonprofit Youth Soccer Club,"MLS NEXT, EA, DPL and NPL",Bilingual Coaches and Staff,Request an Evaluation Today,Every Family Is Welcome,Year-round evaluations for boys and girls. Request online and a coach replies in 48 hours.,"A club for everyone, the people's club. Nonprofit and in the South Bay since 1982.","From Mini Maestros to MLS NEXT, Elite Academy, DPL and NPL. One club, one pathway.",New to the area or switching clubs? We evaluate year-round and place every player well.
CVFC - Neighborhoods,,,,,,,,,,,Chula Vista,,,,Responsive search ad,https://www.chulavistafc.com/areas/chula-vista,Areas,chula-vista,Chula Vista FC,A Club for Everyone,The People's Club,Year-Round Player Evaluations,Free Player Evaluations,A Coach Replies in 48 Hours,Youth Soccer in Chula Vista,Soccer Near Chula Vista,"Boys and Girls, Ages 4 to U19",South Bay Club Since 1982,Nonprofit Youth Soccer Club,"MLS NEXT, EA, DPL and NPL",Bilingual Coaches and Staff,Request an Evaluation Today,Every Family Is Welcome,"From Mini Maestros to MLS NEXT, Elite Academy, DPL and NPL. One club, one pathway.",New to the area or switching clubs? We evaluate year-round and place every player well.,Year-round evaluations for boys and girls. Request online and a coach replies in 48 hours.,"A club for everyone, the people's club. Nonprofit and in the South Bay since 1982."
CVFC - Neighborhoods,,,,,,,,,,,Eastlake,Enabled,,,,,,,,,,,,,,,,,,,,,,,,,
CVFC - Neighborhoods,,,,,,,,,,,Eastlake,,youth soccer eastlake,Phrase,,,,,,,,,,,,,,,,,,,,,,,
CVFC - Neighborhoods,,,,,,,,,,,Eastlake,,kids soccer eastlake,Phrase,,,,,,,,,,,,,,,,,,,,,,,
CVFC - Neighborhoods,,,,,,,,,,,Eastlake,,soccer club eastlake,Phrase,,,,,,,,,,,,,,,,,,,,,,,
CVFC - Neighborhoods,,,,,,,,,,,Eastlake,,eastlake soccer teams,Phrase,,,,,,,,,,,,,,,,,,,,,,,
CVFC - Neighborhoods,,,,,,,,,,,Eastlake,,,,Responsive search ad,https://www.chulavistafc.com/areas/eastlake,Areas,eastlake,Youth Soccer in Eastlake,Soccer Near Eastlake,Chula Vista FC,A Club for Everyone,The People's Club,Year-Round Player Evaluations,Free Player Evaluations,A Coach Replies in 48 Hours,"Boys and Girls, Ages 4 to U19",South Bay Club Since 1982,Nonprofit Youth Soccer Club,"MLS NEXT, EA, DPL and NPL",Bilingual Coaches and Staff,Request an Evaluation Today,Every Family Is Welcome,Year-round evaluations for boys and girls. Request online and a coach replies in 48 hours.,"A club for everyone, the people's club. Nonprofit and in the South Bay since 1982.","From Mini Maestros to MLS NEXT, Elite Academy, DPL and NPL. One club, one pathway.",New to the area or switching clubs? We evaluate year-round and place every player well.
CVFC - Neighborhoods,,,,,,,,,,,Eastlake,,,,Responsive search ad,https://www.chulavistafc.com/areas/eastlake,Areas,eastlake,Chula Vista FC,A Club for Everyone,The People's Club,Year-Round Player Evaluations,Free Player Evaluations,A Coach Replies in 48 Hours,Youth Soccer in Eastlake,Soccer Near Eastlake,"Boys and Girls, Ages 4 to U19",South Bay Club Since 1982,Nonprofit Youth Soccer Club,"MLS NEXT, EA, DPL and NPL",Bilingual Coaches and Staff,Request an Evaluation Today,Every Family Is Welcome,"From Mini Maestros to MLS NEXT, Elite Academy, DPL and NPL. One club, one pathway.",New to the area or switching clubs? We evaluate year-round and place every player well.,Year-round evaluations for boys and girls. Request online and a coach replies in 48 hours.,"A club for everyone, the people's club. Nonprofit and in the South Bay since 1982."
CVFC - Neighborhoods,,,,,,,,,,,Otay Ranch,Enabled,,,,,,,,,,,,,,,,,,,,,,,,,
CVFC - Neighborhoods,,,,,,,,,,,Otay Ranch,,youth soccer otay ranch,Phrase,,,,,,,,,,,,,,,,,,,,,,,
CVFC - Neighborhoods,,,,,,,,,,,Otay Ranch,,kids soccer otay ranch,Phrase,,,,,,,,,,,,,,,,,,,,,,,
CVFC - Neighborhoods,,,,,,,,,,,Otay Ranch,,soccer club otay ranch,Phrase,,,,,,,,,,,,,,,,,,,,,,,
CVFC - Neighborhoods,,,,,,,,,,,Otay Ranch,,otay ranch soccer teams,Phrase,,,,,,,,,,,,,,,,,,,,,,,
CVFC - Neighborhoods,,,,,,,,,,,Otay Ranch,,,,Responsive search ad,https://www.chulavistafc.com/areas/otay-ranch,Areas,otay-ranch,Youth Soccer in Otay Ranch,Soccer Near Otay Ranch,Chula Vista FC,A Club for Everyone,The People's Club,Year-Round Player Evaluations,Free Player Evaluations,A Coach Replies in 48 Hours,"Boys and Girls, Ages 4 to U19",South Bay Club Since 1982,Nonprofit Youth Soccer Club,"MLS NEXT, EA, DPL and NPL",Bilingual Coaches and Staff,Request an Evaluation Today,Every Family Is Welcome,Year-round evaluations for boys and girls. Request online and a coach replies in 48 hours.,"A club for everyone, the people's club. Nonprofit and in the South Bay since 1982.","From Mini Maestros to MLS NEXT, Elite Academy, DPL and NPL. One club, one pathway.",New to the area or switching clubs? We evaluate year-round and place every player well.
CVFC - Neighborhoods,,,,,,,,,,,Otay Ranch,,,,Responsive search ad,https://www.chulavistafc.com/areas/otay-ranch,Areas,otay-ranch,Chula Vista FC,A Club for Everyone,The People's Club,Year-Round Player Evaluations,Free Player Evaluations,A Coach Replies in 48 Hours,Youth Soccer in Otay Ranch,Soccer Near Otay Ranch,"Boys and Girls, Ages 4 to U19",South Bay Club Since 1982,Nonprofit Youth Soccer Club,"MLS NEXT, EA, DPL and NPL",Bilingual Coaches and Staff,Request an Evaluation Today,Every Family Is Welcome,"From Mini Maestros to MLS NEXT, Elite Academy, DPL and NPL. One club, one pathway.",New to the area or switching clubs? We evaluate year-round and place every player well.,Year-round evaluations for boys and girls. Request online and a coach replies in 48 hours.,"A club for everyone, the people's club. Nonprofit and in the South Bay since 1982."
CVFC - Neighborhoods,,,,,,,,,,,Bonita,Enabled,,,,,,,,,,,,,,,,,,,,,,,,,
CVFC - Neighborhoods,,,,,,,,,,,Bonita,,youth soccer bonita,Phrase,,,,,,,,,,,,,,,,,,,,,,,
CVFC - Neighborhoods,,,,,,,,,,,Bonita,,kids soccer bonita,Phrase,,,,,,,,,,,,,,,,,,,,,,,
CVFC - Neighborhoods,,,,,,,,,,,Bonita,,soccer club bonita,Phrase,,,,,,,,,,,,,,,,,,,,,,,
CVFC - Neighborhoods,,,,,,,,,,,Bonita,,bonita soccer teams,Phrase,,,,,,,,,,,,,,,,,,,,,,,
CVFC - Neighborhoods,,,,,,,,,,,Bonita,,,,Responsive search ad,https://www.chulavistafc.com/areas/bonita,Areas,bonita,Youth Soccer in Bonita,Soccer Near Bonita,Chula Vista FC,A Club for Everyone,The People's Club,Year-Round Player Evaluations,Free Player Evaluations,A Coach Replies in 48 Hours,"Boys and Girls, Ages 4 to U19",South Bay Club Since 1982,Nonprofit Youth Soccer Club,"MLS NEXT, EA, DPL and NPL",Bilingual Coaches and Staff,Request an Evaluation Today,Every Family Is Welcome,Year-round evaluations for boys and girls. Request online and a coach replies in 48 hours.,"A club for everyone, the people's club. Nonprofit and in the South Bay since 1982.","From Mini Maestros to MLS NEXT, Elite Academy, DPL and NPL. One club, one pathway.",New to the area or switching clubs? We evaluate year-round and place every player well.
CVFC - Neighborhoods,,,,,,,,,,,Bonita,,,,Responsive search ad,https://www.chulavistafc.com/areas/bonita,Areas,bonita,Chula Vista FC,A Club for Everyone,The People's Club,Year-Round Player Evaluations,Free Player Evaluations,A Coach Replies in 48 Hours,Youth Soccer in Bonita,Soccer Near Bonita,"Boys and Girls, Ages 4 to U19",South Bay Club Since 1982,Nonprofit Youth Soccer Club,"MLS NEXT, EA, DPL and NPL",Bilingual Coaches and Staff,Request an Evaluation Today,Every Family Is Welcome,"From Mini Maestros to MLS NEXT, Elite Academy, DPL and NPL. One club, one pathway.",New to the area or switching clubs? We evaluate year-round and place every player well.,Year-round evaluations for boys and girls. Request online and a coach replies in 48 hours.,"A club for everyone, the people's club. Nonprofit and in the South Bay since 1982."
CVFC - Neighborhoods,,,,,,,,,,,City Heights,Enabled,,,,,,,,,,,,,,,,,,,,,,,,,
CVFC - Neighborhoods,,,,,,,,,,,City Heights,,youth soccer city heights,Phrase,,,,,,,,,,,,,,,,,,,,,,,
CVFC - Neighborhoods,,,,,,,,,,,City Heights,,kids soccer city heights,Phrase,,,,,,,,,,,,,,,,,,,,,,,
CVFC - Neighborhoods,,,,,,,,,,,City Heights,,soccer club city heights,Phrase,,,,,,,,,,,,,,,,,,,,,,,
CVFC - Neighborhoods,,,,,,,,,,,City Heights,,city heights soccer teams,Phrase,,,,,,,,,,,,,,,,,,,,,,,
CVFC - Neighborhoods,,,,,,,,,,,City Heights,,,,Responsive search ad,https://www.chulavistafc.com/areas/city-heights,Areas,city-heights,Youth Soccer in City Heights,Soccer Near City Heights,Chula Vista FC,A Club for Everyone,The People's Club,Year-Round Player Evaluations,Free Player Evaluations,A Coach Replies in 48 Hours,"Boys and Girls, Ages 4 to U19",South Bay Club Since 1982,Nonprofit Youth Soccer Club,"MLS NEXT, EA, DPL and NPL",Bilingual Coaches and Staff,Request an Evaluation Today,Every Family Is Welcome,Year-round evaluations for boys and girls. Request online and a coach replies in 48 hours.,"A club for everyone, the people's club. Nonprofit and in the South Bay since 1982.","From Mini Maestros to MLS NEXT, Elite Academy, DPL and NPL. One club, one pathway.",New to the area or switching clubs? We evaluate year-round and place every player well.
CVFC - Neighborhoods,,,,,,,,,,,City Heights,,,,Responsive search ad,https://www.chulavistafc.com/areas/city-heights,Areas,city-heights,Chula Vista FC,A Club for Everyone,The People's Club,Year-Round Player Evaluations,Free Player Evaluations,A Coach Replies in 48 Hours,Youth Soccer in City Heights,Soccer Near City Heights,"Boys and Girls, Ages 4 to U19",South Bay Club Since 1982,Nonprofit Youth Soccer Club,"MLS NEXT, EA, DPL and NPL",Bilingual Coaches and Staff,Request an Evaluation Today,Every Family Is Welcome,"From Mini Maestros to MLS NEXT, Elite Academy, DPL and NPL. One club, one pathway.",New to the area or switching clubs? We evaluate year-round and place every player well.,Year-round evaluations for boys and girls. Request online and a coach replies in 48 hours.,"A club for everyone, the people's club. Nonprofit and in the South Bay since 1982."
CVFC - Neighborhoods,,,,,,,,,,,Southeast San Diego,Enabled,,,,,,,,,,,,,,,,,,,,,,,,,
CVFC - Neighborhoods,,,,,,,,,,,Southeast San Diego,,youth soccer southeast san diego,Phrase,,,,,,,,,,,,,,,,,,,,,,,
CVFC - Neighborhoods,,,,,,,,,,,Southeast San Diego,,kids soccer southeast san diego,Phrase,,,,,,,,,,,,,,,,,,,,,,,
CVFC - Neighborhoods,,,,,,,,,,,Southeast San Diego,,soccer club southeast san diego,Phrase,,,,,,,,,,,,,,,,,,,,,,,
CVFC - Neighborhoods,,,,,,,,,,,Southeast San Diego,,southeast san diego soccer teams,Phrase,,,,,,,,,,,,,,,,,,,,,,,
CVFC - Neighborhoods,,,,,,,,,,,Southeast San Diego,,youth soccer encanto,Phrase,,,,,,,,,,,,,,,,,,,,,,,
CVFC - Neighborhoods,,,,,,,,,,,Southeast San Diego,,kids soccer encanto,Phrase,,,,,,,,,,,,,,,,,,,,,,,
CVFC - Neighborhoods,,,,,,,,,,,Southeast San Diego,,soccer club encanto,Phrase,,,,,,,,,,,,,,,,,,,,,,,
CVFC - Neighborhoods,,,,,,,,,,,Southeast San Diego,,encanto soccer teams,Phrase,,,,,,,,,,,,,,,,,,,,,,,
CVFC - Neighborhoods,,,,,,,,,,,Southeast San Diego,,,,Responsive search ad,https://www.chulavistafc.com/areas/southeast-san-diego,Areas,southeast-san-d,Youth Soccer in SE San Diego,Soccer Near SE San Diego,Chula Vista FC,A Club for Everyone,The People's Club,Year-Round Player Evaluations,Free Player Evaluations,A Coach Replies in 48 Hours,"Boys and Girls, Ages 4 to U19",South Bay Club Since 1982,Nonprofit Youth Soccer Club,"MLS NEXT, EA, DPL and NPL",Bilingual Coaches and Staff,Request an Evaluation Today,Every Family Is Welcome,Year-round evaluations for boys and girls. Request online and a coach replies in 48 hours.,"A club for everyone, the people's club. Nonprofit and in the South Bay since 1982.","From Mini Maestros to MLS NEXT, Elite Academy, DPL and NPL. One club, one pathway.",New to the area or switching clubs? We evaluate year-round and place every player well.
CVFC - Neighborhoods,,,,,,,,,,,Southeast San Diego,,,,Responsive search ad,https://www.chulavistafc.com/areas/southeast-san-diego,Areas,southeast-san-d,Chula Vista FC,A Club for Everyone,The People's Club,Year-Round Player Evaluations,Free Player Evaluations,A Coach Replies in 48 Hours,Youth Soccer in SE San Diego,Soccer Near SE San Diego,"Boys and Girls, Ages 4 to U19",South Bay Club Since 1982,Nonprofit Youth Soccer Club,"MLS NEXT, EA, DPL and NPL",Bilingual Coaches and Staff,Request an Evaluation Today,Every Family Is Welcome,"From Mini Maestros to MLS NEXT, Elite Academy, DPL and NPL. One club, one pathway.",New to the area or switching clubs? We evaluate year-round and place every player well.,Year-round evaluations for boys and girls. Request online and a coach replies in 48 hours.,"A club for everyone, the people's club. Nonprofit and in the South Bay since 1982."
CVFC - Donate and Sponsor,Search,Google search,50,Daily,Maximize conversions,en,Doesn't have EU political ads,Paused,,,,,,,,,,,,,,,,,,,,,,,,,,,,,
CVFC - Donate and Sponsor,,,,,,,,,"San Diego County,California,United States",9057154,,,,,,,,,,,,,,,,,,,,,,,,,,,
CVFC - Donate and Sponsor,,,,,,,,,,,,,jobs,Negative Phrase,,,,,,,,,,,,,,,,,,,,,,,
CVFC - Donate and Sponsor,,,,,,,,,,,,,volunteer abroad,Negative Phrase,,,,,,,,,,,,,,,,,,,,,,,
CVFC - Donate and Sponsor,,,,,,,,,,,,,car donation,Negative Phrase,,,,,,,,,,,,,,,,,,,,,,,
CVFC - Donate and Sponsor,,,,,,,,,,,,,clothing donation,Negative Phrase,,,,,,,,,,,,,,,,,,,,,,,
CVFC - Donate and Sponsor,,,,,,,,,,,,,used equipment,Negative Phrase,,,,,,,,,,,,,,,,,,,,,,,
CVFC - Donate and Sponsor,,,,,,,,,,,Donate,Enabled,,,,,,,,,,,,,,,,,,,,,,,,,
CVFC - Donate and Sponsor,,,,,,,,,,,Donate,,donate to youth sports,Phrase,,,,,,,,,,,,,,,,,,,,,,,
CVFC - Donate and Sponsor,,,,,,,,,,,Donate,,youth soccer donation,Phrase,,,,,,,,,,,,,,,,,,,,,,,
CVFC - Donate and Sponsor,,,,,,,,,,,Donate,,donate to youth soccer,Phrase,,,,,,,,,,,,,,,,,,,,,,,
CVFC - Donate and Sponsor,,,,,,,,,,,Donate,,youth sports charity san diego,Phrase,,,,,,,,,,,,,,,,,,,,,,,
CVFC - Donate and Sponsor,,,,,,,,,,,Donate,,support youth soccer,Phrase,,,,,,,,,,,,,,,,,,,,,,,
CVFC - Donate and Sponsor,,,,,,,,,,,Donate,,nonprofit youth soccer,Phrase,,,,,,,,,,,,,,,,,,,,,,,
CVFC - Donate and Sponsor,,,,,,,,,,,Donate,,youth sports scholarship donation,Phrase,,,,,,,,,,,,,,,,,,,,,,,
CVFC - Donate and Sponsor,,,,,,,,,,,Donate,,,,Responsive search ad,https://www.chulavistafc.com/support,Donate,,Keep a Player on the Field,Every Gift Funds Development,Support South Bay Youth Soccer,A Club for Everyone,Donate to Chula Vista FC,501(c)(3) Nonprofit Club,Tax-Deductible Donations,Fund a Player Scholarship,Give Once or Monthly,Chula Vista FC,South Bay Club Since 1982,,,,,"CVFC is a 501(c)(3) nonprofit. Your gift funds player scholarships, fields and coaching.",Give once or monthly. Tax-deductible to the extent allowed by law.,A club for everyone since 1982. Your gift keeps competitive soccer open to every family.,"Local businesses: jersey logos, banners and match-day recognition that fund scholarships."
CVFC - Donate and Sponsor,,,,,,,,,,,Donate,,,,Responsive search ad,https://www.chulavistafc.com/support,Donate,,Support South Bay Youth Soccer,A Club for Everyone,Donate to Chula Vista FC,501(c)(3) Nonprofit Club,Keep a Player on the Field,Every Gift Funds Development,Tax-Deductible Donations,Fund a Player Scholarship,Give Once or Monthly,Chula Vista FC,South Bay Club Since 1982,,,,,A club for everyone since 1982. Your gift keeps competitive soccer open to every family.,"Local businesses: jersey logos, banners and match-day recognition that fund scholarships.","CVFC is a 501(c)(3) nonprofit. Your gift funds player scholarships, fields and coaching.",Give once or monthly. Tax-deductible to the extent allowed by law.
CVFC - Donate and Sponsor,,,,,,,,,,,Sponsor,Enabled,,,,,,,,,,,,,,,,,,,,,,,,,
CVFC - Donate and Sponsor,,,,,,,,,,,Sponsor,,sponsor a youth soccer team,Phrase,,,,,,,,,,,,,,,,,,,,,,,
CVFC - Donate and Sponsor,,,,,,,,,,,Sponsor,,youth sports sponsorship,Phrase,,,,,,,,,,,,,,,,,,,,,,,
CVFC - Donate and Sponsor,,,,,,,,,,,Sponsor,,sponsor youth sports team,Phrase,,,,,,,,,,,,,,,,,,,,,,,
CVFC - Donate and Sponsor,,,,,,,,,,,Sponsor,,local business sponsorship,Phrase,,,,,,,,,,,,,,,,,,,,,,,
CVFC - Donate and Sponsor,,,,,,,,,,,Sponsor,,youth soccer sponsorship,Phrase,,,,,,,,,,,,,,,,,,,,,,,
CVFC - Donate and Sponsor,,,,,,,,,,,Sponsor,,sponsor a kids soccer team,Phrase,,,,,,,,,,,,,,,,,,,,,,,
CVFC - Donate and Sponsor,,,,,,,,,,,Sponsor,,,,Responsive search ad,https://www.chulavistafc.com/sponsor,Sponsor,,Sponsor a Youth Soccer Team,Local Business Sponsorships,Your Logo on Our Jerseys,Support South Bay Youth Soccer,A Club for Everyone,Donate to Chula Vista FC,501(c)(3) Nonprofit Club,Tax-Deductible Donations,Fund a Player Scholarship,Give Once or Monthly,Chula Vista FC,South Bay Club Since 1982,,,,"CVFC is a 501(c)(3) nonprofit. Your gift funds player scholarships, fields and coaching.",Give once or monthly. Tax-deductible to the extent allowed by law.,A club for everyone since 1982. Your gift keeps competitive soccer open to every family.,"Local businesses: jersey logos, banners and match-day recognition that fund scholarships."
CVFC - Donate and Sponsor,,,,,,,,,,,Sponsor,,,,Responsive search ad,https://www.chulavistafc.com/sponsor,Sponsor,,Support South Bay Youth Soccer,A Club for Everyone,Donate to Chula Vista FC,501(c)(3) Nonprofit Club,Sponsor a Youth Soccer Team,Local Business Sponsorships,Your Logo on Our Jerseys,Tax-Deductible Donations,Fund a Player Scholarship,Give Once or Monthly,Chula Vista FC,South Bay Club Since 1982,,,,A club for everyone since 1982. Your gift keeps competitive soccer open to every family.,"Local businesses: jersey logos, banners and match-day recognition that fund scholarships.","CVFC is a 501(c)(3) nonprofit. Your gift funds player scholarships, fields and coaching.",Give once or monthly. Tax-deductible to the extent allowed by law.
CVFC - Tijuana Families,Search,Google search,29,Daily,Maximize conversions,en;es,Doesn't have EU political ads,Paused,,,,,,,,,,,,,,,,,,,,,,,,,,,,,
CVFC - Tijuana Families,,,,,,,,,"Tijuana,Baja California,Mexico",1010012,,,,,,,,,,,,,,,,,,,,,,,,,,,
CVFC - Tijuana Families,,,,,,,,,,,,,adult,Negative Phrase,,,,,,,,,,,,,,,,,,,,,,,
CVFC - Tijuana Families,,,,,,,,,,,,,adults,Negative Phrase,,,,,,,,,,,,,,,,,,,,,,,
CVFC - Tijuana Families,,,,,,,,,,,,,men's league,Negative Phrase,,,,,,,,,,,,,,,,,,,,,,,
CVFC - Tijuana Families,,,,,,,,,,,,,mens league,Negative Phrase,,,,,,,,,,,,,,,,,,,,,,,
CVFC - Tijuana Families,,,,,,,,,,,,,coed,Negative Phrase,,,,,,,,,,,,,,,,,,,,,,,
CVFC - Tijuana Families,,,,,,,,,,,,,over 30,Negative Phrase,,,,,,,,,,,,,,,,,,,,,,,
CVFC - Tijuana Families,,,,,,,,,,,,,fifa,Negative Phrase,,,,,,,,,,,,,,,,,,,,,,,
CVFC - Tijuana Families,,,,,,,,,,,,,video game,Negative Phrase,,,,,,,,,,,,,,,,,,,,,,,
CVFC - Tijuana Families,,,,,,,,,,,,,cleats,Negative Phrase,,,,,,,,,,,,,,,,,,,,,,,
CVFC - Tijuana Families,,,,,,,,,,,,,shoes,Negative Phrase,,,,,,,,,,,,,,,,,,,,,,,
CVFC - Tijuana Families,,,,,,,,,,,,,jersey,Negative Phrase,,,,,,,,,,,,,,,,,,,,,,,
CVFC - Tijuana Families,,,,,,,,,,,,,store,Negative Phrase,,,,,,,,,,,,,,,,,,,,,,,
CVFC - Tijuana Families,,,,,,,,,,,,,tickets,Negative Phrase,,,,,,,,,,,,,,,,,,,,,,,
CVFC - Tijuana Families,,,,,,,,,,,,,live stream,Negative Phrase,,,,,,,,,,,,,,,,,,,,,,,
CVFC - Tijuana Families,,,,,,,,,,,,,score,Negative Phrase,,,,,,,,,,,,,,,,,,,,,,,
CVFC - Tijuana Families,,,,,,,,,,,,,world cup,Negative Phrase,,,,,,,,,,,,,,,,,,,,,,,
CVFC - Tijuana Families,,,,,,,,,,,,,high school,Negative Phrase,,,,,,,,,,,,,,,,,,,,,,,
CVFC - Tijuana Families,,,,,,,,,,,,,college,Negative Phrase,,,,,,,,,,,,,,,,,,,,,,,
CVFC - Tijuana Families,,,,,,,,,,,,,salary,Negative Phrase,,,,,,,,,,,,,,,,,,,,,,,
CVFC - Tijuana Families,,,,,,,,,,,,,indeed,Negative Phrase,,,,,,,,,,,,,,,,,,,,,,,
CVFC - Tijuana Families,,,,,,,,,,,,,xolos,Negative Phrase,,,,,,,,,,,,,,,,,,,,,,,
CVFC - Tijuana Families,,,,,,,,,,,San Diego Club (English),Enabled,,,,,,,,,,,,,,,,,,,,,,,,,
CVFC - Tijuana Families,,,,,,,,,,,San Diego Club (English),,soccer club san diego,Phrase,,,,,,,,,,,,,,,,,,,,,,,
CVFC - Tijuana Families,,,,,,,,,,,San Diego Club (English),,youth soccer san diego,Phrase,,,,,,,,,,,,,,,,,,,,,,,
CVFC - Tijuana Families,,,,,,,,,,,San Diego Club (English),,club soccer san diego,Phrase,,,,,,,,,,,,,,,,,,,,,,,
CVFC - Tijuana Families,,,,,,,,,,,San Diego Club (English),,mls next san diego,Phrase,,,,,,,,,,,,,,,,,,,,,,,
CVFC - Tijuana Families,,,,,,,,,,,San Diego Club (English),,soccer academy san diego,Phrase,,,,,,,,,,,,,,,,,,,,,,,
CVFC - Tijuana Families,,,,,,,,,,,San Diego Club (English),,chula vista soccer,Phrase,,,,,,,,,,,,,,,,,,,,,,,
CVFC - Tijuana Families,,,,,,,,,,,San Diego Club (English),,,,Responsive search ad,https://www.chulavistafc.com/evaluations,Evaluations,,Youth Soccer in San Diego,Just North of the Border,Chula Vista FC,A Club for Everyone,The People's Club,Year-Round Player Evaluations,Free Player Evaluations,A Coach Replies in 48 Hours,"Boys and Girls, Ages 4 to U19",South Bay Club Since 1982,Nonprofit Youth Soccer Club,"MLS NEXT, EA, DPL and NPL",Bilingual Coaches and Staff,Request an Evaluation Today,Every Family Is Welcome,Year-round evaluations for boys and girls. Request online and a coach replies in 48 hours.,"A club for everyone, the people's club. Nonprofit and in the South Bay since 1982.","From Mini Maestros to MLS NEXT, Elite Academy, DPL and NPL. One club, one pathway.",New to the area or switching clubs? We evaluate year-round and place every player well.
CVFC - Tijuana Families,,,,,,,,,,,San Diego Club (English),,,,Responsive search ad,https://www.chulavistafc.com/evaluations,Evaluations,,Chula Vista FC,A Club for Everyone,The People's Club,Year-Round Player Evaluations,Free Player Evaluations,A Coach Replies in 48 Hours,Youth Soccer in San Diego,Just North of the Border,"Boys and Girls, Ages 4 to U19",South Bay Club Since 1982,Nonprofit Youth Soccer Club,"MLS NEXT, EA, DPL and NPL",Bilingual Coaches and Staff,Request an Evaluation Today,Every Family Is Welcome,"From Mini Maestros to MLS NEXT, Elite Academy, DPL and NPL. One club, one pathway.",New to the area or switching clubs? We evaluate year-round and place every player well.,Year-round evaluations for boys and girls. Request online and a coach replies in 48 hours.,"A club for everyone, the people's club. Nonprofit and in the South Bay since 1982."
CVFC - Tijuana Families,,,,,,,,,,,Club en San Diego (Español),Enabled,,,,,,,,,,,,,,,,,,,,,,,,,
CVFC - Tijuana Families,,,,,,,,,,,Club en San Diego (Español),,club de futbol en san diego,Phrase,,,,,,,,,,,,,,,,,,,,,,,
CVFC - Tijuana Families,,,,,,,,,,,Club en San Diego (Español),,futbol juvenil san diego,Phrase,,,,,,,,,,,,,,,,,,,,,,,
CVFC - Tijuana Families,,,,,,,,,,,Club en San Diego (Español),,academia de futbol san diego,Phrase,,,,,,,,,,,,,,,,,,,,,,,
CVFC - Tijuana Families,,,,,,,,,,,Club en San Diego (Español),,futbol en chula vista,Phrase,,,,,,,,,,,,,,,,,,,,,,,
CVFC - Tijuana Families,,,,,,,,,,,Club en San Diego (Español),,club de futbol chula vista,Phrase,,,,,,,,,,,,,,,,,,,,,,,
CVFC - Tijuana Families,,,,,,,,,,,Club en San Diego (Español),,equipos de futbol en san diego,Phrase,,,,,,,,,,,,,,,,,,,,,,,
CVFC - Tijuana Families,,,,,,,,,,,Club en San Diego (Español),,,,Responsive search ad,https://www.chulavistafc.com/evaluations,Evaluaciones,,Club de Fútbol en San Diego,Fútbol en Chula Vista,Chula Vista FC,Un Club para Todos,Evaluaciones Todo el Año,Evaluaciones Gratuitas,Respuesta en 48 Horas,"Niños y Niñas, 4 a 19 Años",En Chula Vista Desde 1982,Club Sin Fines de Lucro,"MLS NEXT, EA, DPL y NPL",Personal Bilingüe,Solicita una Evaluación,Fútbol Juvenil en San Diego,Ayuda Financiera Disponible,Evaluaciones todo el año para niños y niñas. Solicítala y un entrenador responde en 48 h.,"Un club para todos, el club de la gente. Sin fines de lucro en Chula Vista desde 1982.","De Mini Maestros a MLS NEXT, Elite Academy, DPL y NPL. Un club, un camino completo.",Entrenadores y personal bilingües. Evaluamos todo el año y ubicamos bien a cada jugador.
CVFC - Tijuana Families,,,,,,,,,,,Club en San Diego (Español),,,,Responsive search ad,https://www.chulavistafc.com/evaluations,Evaluaciones,,Chula Vista FC,Un Club para Todos,Evaluaciones Todo el Año,Evaluaciones Gratuitas,Respuesta en 48 Horas,Club de Fútbol en San Diego,Fútbol en Chula Vista,"Niños y Niñas, 4 a 19 Años",En Chula Vista Desde 1982,Club Sin Fines de Lucro,"MLS NEXT, EA, DPL y NPL",Personal Bilingüe,Solicita una Evaluación,Fútbol Juvenil en San Diego,Ayuda Financiera Disponible,"De Mini Maestros a MLS NEXT, Elite Academy, DPL y NPL. Un club, un camino completo.",Entrenadores y personal bilingües. Evaluamos todo el año y ubicamos bien a cada jugador.,Evaluaciones todo el año para niños y niñas. Solicítala y un entrenador responde en 48 h.,"Un club para todos, el club de la gente. Sin fines de lucro en Chula Vista desde 1982."
